{
    "questions": [
        {
            "question": "Which of the following is NOT considered a requirement?(EASY)",
            "answers": [
                "A detailed mathematical functional specification.",
                "A high-level abstract statement of a service.",
                "A system constraint.",
                "The color scheme of the user interface."
            ],
            "correct_ans": "4",
            "difficulty": "1"
        },
        {
            "question": "Which approach does Davis suggest for defining needs for a large software development project?(HARD)",
            "answers": [
                "Define needs in a highly specific manner to guide contractors.",
                "Keep needs abstract to allow for multiple contractor bids.",
                "Provide contractors with pre-defined solutions to expedite the process.",
                "Offer contractors limited flexibility in meeting client organization's needs."
            ],
            "correct_ans": "2",
            "difficulty": "3"
        },
        {
            "question": "Which of the following is NOT considered a functional requirement?(EASY)",
            "answers": [
                "A requirement who describes system services in detail.",
                "A requirement depends on the type of software.",
                "A high-level statement of what the system should do.",
                "A requirement of specified programming language."
            ],
            "correct_ans": "4",
            "difficulty": "1"
        },
        {
            "question": "Which of the following is NOT a metric for specifying nonfunctional requirements?(HARD)",
            "answers": [
                "Response time",
                "Reliability",
                "Development cost",
                "Ease of use"
            ],
            "correct_ans": "3",
            "difficulty": "3"
        },
        {
            "question": "Which approach Agile methods promote in software development?(MEDUIM)",
            "answers": [
                "Plan-driven approach",
                "Model-Driven Development",
                "Configuration-Based Development",
                "Iterative approach"
            ],
            "correct_ans": "4",
            "difficulty": "2"
        },
        {
            "question": "What is the typical duration of an iteration in Agile planning?(MEDUIM)",
            "answers": [
                "1 to 2 weeks",
                "2 to 4 months",
                "2 to 4 weeks",
                "3 to 6 weeks"
            ],
            "correct_ans": "3",
            "difficulty": "2"
        },
        {
            "question": "What is the primary goal of Usability testing?(EASY)",
            "answers": [
                "to decide overall visual attractiveness to users.",
                "Checking how fast users can move between screens.",
                "to check how effective and efficient the software is for the user.",
                "Checking how long the software could stay useful for the users."
            ],
            "correct_ans": "3",
            "difficulty": "1"
        },
        {
            "question": "which of the is correct in terms of white and black box?(HARD)",
            "answers": [
                "tests component, vertices, and covers internal logic paths and transition.",
                "in white box box internal structure, design, and implementation of the software being tested are not known to the tester.",
                "white box test verifies the user's output.",
                "Black box testing focus only on finding bugs in the software, without considering internal logic paths or components."
            ],
            "correct_ans": "3",
            "difficulty": "3"
        },
        {
            "question": "Which design pattern is commonly used for creating objects?(EASY)",
            "answers": [
                "Adapter pattern",
                "Prototype pattern",
                "Factory method pattern",
                "Command pattern"
            ],
            "correct_ans": "3",
            "difficulty": "1"
        },
        {
            "question": "What is the primary purpose of using prototypes in software development?(MEDUIM)",
            "answers": [
                "to provide a visual representation of the system's final appearance.",
                "to allow the customer to see early stages of the system and make decisions.",
                "to speed up the development process.",
                "to eliminate the need for interface design and testing phases."
            ],
            "correct_ans": "2",
            "difficulty": "2"
        },
        {
            "question": "What is the disadvantage of white box?(HARD)",
            "answers": [
                "easy and straightforward",
                "Doesn't allow you to check all transitions in the code.",
                "Consume a lot of hard work and time while learning the code.",
                "none of the above"
            ],
            "correct_ans": "3",
            "difficulty": "3"
        },
        {
            "question": "The general purpose of the Singleton pattern is to?(MEDUIM)",
            "answers": [
                "Ensures that the creation of objects in a single class.",
                "Ensures that only one instance of a class is allowed within a system.",
                "Ensures that access to class methods and variables to only a specific subset of users.",
                "Ensure that only one instance of a class exists at the same time."
            ],
            "correct_ans": "2",
            "difficulty": "2"
        },
        {
            "question": "Software can be tested as?(EASY)",
            "answers": [
                "Black Box",
                "White Box",
                "The answer is 1+2",
                "There is no correct answer"
            ],
            "correct_ans": "3",
            "difficulty": "1"
        },
        {
            "question": "What type of testing technique focuses on understanding the control flow within a program?(MEDUIM)",
            "answers": [
                "Control-flow testing",
                "Loop testing",
                "Syntax testing",
                "Domain testing"
            ],
            "correct_ans": "1",
            "difficulty": "2"
        },
        {
            "question": "Which of the following statements is true regarding a predicate node in a control flow graph?(HARD)",
            "answers": [
                "It always has more than two outlinks.",
                "It represents any sequence of processing steps.",
                "It has true or false possibilities, affecting the flow of control.",
                "It consolidates multiple paths into a single point in the control flow graph."
            ],
            "correct_ans": "3",
            "difficulty": "3"
        },
        {
            "question": "Which of the following is an advantage of black-box testing?(HARD)",
            "answers": [
                "Provides visibility into the internal code structure.",
                "Focuses solely on the internal workings of the software.",
                "Emphasizes functional requirements and behavior.",
                "Requires knowledge of the internal code implementation."
            ],
            "correct_ans": "3",
            "difficulty": "3"
        },
        {
            "question": "Why are standards considered important in software development?(HARD)",
            "answers": [
                "They enforce rigid rules without allowing for flexibility.",
                "They hinder innovation and creativity within development teams.",
                "They provide a framework for defining quality and encapsulate best practices.",
                "They are irrelevant for new staff to understand the organization's processes."
            ],
            "correct_ans": "3",
            "difficulty": "3"
        },
        {
            "question": "Which of the following represents a common problem associated with software standards?(HARD)",
            "answers": [
                "They facilitate innovation and creativity within development teams.",
                "They are always perceived as relevant and up-to-date by software engineers.",
                "They are fully supported by software tools, reducing the need for documentation maintenance.",
                "They often involve excessive bureaucratic procedures and form filling."
            ],
            "correct_ans": "4",
            "difficulty": "3"
        },
        {
            "question": "How can the development and maintenance of standards be improved to ensure their effectiveness in software engineering?(HARD)",
            "answers": [
                "By excluding practitioners from the development process to maintain objectivity.",
                "By ensuring engineers do not understand the rationale behind standards to avoid bias.",
                "By regularly involving practitioners in development, reviewing standards, and providing specialized tool support.",
                "By relying solely on web-based forms for the documentation of standards."
            ],
            "correct_ans": "3",
            "difficulty": "3"
        },
        {
            "question": "When designing a product, what factors should be taken into account to optimize user interactions?(MEDUIM)",
            "answers": [
                "Only the users' activities and needs.",
                "Where the interaction is taking place and who the users are.",
                "What activities are being carried out and where the interaction is taking place.",
                "Users' activities, needs, and optimizing interactions based on where they are taking place."
            ],
            "correct_ans": "4",
            "difficulty": "2"
        },
        {
            "question": "What are the primary goals of interaction design?(MEDUIM)",
            "answers": [
                "Creating visually appealing products and interfaces.",
                "Maximizing profitability through product sales.",
                "Developing usable products that are easy to learn, effective to use, and provide an enjoyable experience, while involving users in the design process.",
                "Focusing solely on technological advancements within the product."
            ],
            "correct_ans": "3",
            "difficulty": "2"
        },
        {
            "question": "Which of the following activities is involved in the process of interaction design?(MEDUIM)",
            "answers": [
                "Generating user documentation.",
                "Coding the final product.",
                "Marketing the product to potential users.",
                "Establishing requirements, developing alternatives, prototyping, and evaluating."
            ],
            "correct_ans": "4",
            "difficulty": "2"
        },
        {
            "question": "Which of the following is NOT one of Donald Norman's design principles?(MEDUIM)",
            "answers": [
                "Visibility",
                "Feedback",
                "Constraints",
                "Alignment"
            ],
            "correct_ans": "4",
            "difficulty": "2"
        },
        {
            "question": "What is a test case?(MEDUIM)",
            "answers": [
                "A document outlining the functionalities of a software application.",
                "A set of procedures for conducting quality assurance tests.",
                "A document describing how testing will be conducted for a specific application, including various fields specific to the organization.",
                "A report summarizing the results of software testing."
            ],
            "correct_ans": "3",
            "difficulty": "2"
        },
        {
            "question": "Which of the following statements best describes the importance of Configuration Management (CM) in software development?(EASY)",
            "answers": [
                "CM helps in managing software systems without any changes.",
                "CM ensures that software systems remain static throughout development.",
                "CM is essential for team projects to control changes made by different developers.",
                "CM is not necessary for managing changing software systems."
            ],
            "correct_ans": "3",
            "difficulty": "1"
        },
        {
            "question": "Which one is not one of Configuration Management (CM) activities?(EASY)",
            "answers": [
                "Version management",
                "System building",
                "Release management",
                "Software testing"
            ],
            "correct_ans": "4",
            "difficulty": "1"
        },
        {
            "question": "What is System Building?(MEDUIM)",
            "answers": [
                "System building is the process of creating a complete, executable system by compiling and linking the system components, external libraries, configuration files, etc.",
                "System building is the process of designing the physical components of a computer system.",
                "System building refers to the construction of physical infrastructure for software development teams.",
                "System building is the process of assembling pre-built software components into a functional system."
            ],
            "correct_ans": "1",
            "difficulty": "2"
        },
        {
            "question": "Which one of the following is correct?(EASY)",
            "answers": [
                "Expected Value: Here, ideal value is written.",
                "Actual Value: Here, actual value is written, output getting after executing test case.",
                "Result: If expected = actual, then result is written as pass otherwise fail.",
                "All the answers are correct."
            ],
            "correct_ans": "4",
            "difficulty": "1"
        },
        {
            "question": "In a clothing store, it is possible to order products on a specific day.\n 
One requirement states that products can only be ordered on Wednesday, and another requirement states that orders can be placed on Sundays and Wednesdays.\n
What is the relationship between these two requirements?(HARD)",
            "answers": [
                "Missing requirements",
                "Partial requirements",
                "Contradictory requirements",
                "Redundant requirements"
            ],
            "correct_ans": "3",
            "difficulty": "3"
        },
        {
            "question": "Which of the following is a characteristic of architectural patterns?(HARD)",
            "answers": [
                "They are specific to a single software development context.",
                "They provide a fixed solution to a recurring design problem.",
                "They are not concerned with explaining when they may be used.",
                "They are parameterized to account for different software development contexts."
            ],
            "correct_ans": "4",
            "difficulty": "3"
        }
    ]
}
